"Date","Price","Open","High","Low","Vol.","Change %"
"07/28/2025","33,700.0","34,000.0","34,999.0","33,000.0","0.16K","-1.29%"
"07/25/2025","34,139.6","36,961.5","36,971.5","30,702.0","0.33K","1.57%"
"07/24/2025","33,610.4","31,000.0","33,610.4","31,000.0","0.16K","10.00%"
"07/23/2025","30,554.9","28,999.0","30,554.9","26,500.0","0.16K","10.00%"
"07/22/2025","27,777.2","27,021.6","28,047.0","23,001.0","0.17K","8.94%"
"07/21/2025","25,498.0","23,953.0","25,498.0","23,953.0","0.10K","4.03%"
"07/18/2025","24,510.0","23,876.0","24,900.0","23,876.0","0.10K","1.28%"
"07/17/2025","24,199.1","23,888.8","24,200.0","23,600.0","0.08K","1.18%"
"07/16/2025","23,918.0","23,401.0","24,200.0","23,401.0","0.04K","0.51%"
"07/15/2025","23,796.2","23,590.0","24,000.0","23,362.0","0.30K","1.97%"
"07/14/2025","23,335.5","23,500.0","23,598.0","22,999.0","0.06K","-0.34%"
"07/11/2025","23,415.5","23,500.0","23,500.0","23,325.0","0.02K","0.39%"
"07/10/2025","23,325.1","23,399.0","23,677.0","23,301.0","0.09K","-0.70%"
"07/09/2025","23,488.5","23,450.0","23,498.0","23,299.0","0.01K","1.08%"
"07/08/2025","23,238.6","23,399.2","23,495.0","23,125.0","0.13K","-0.69%"
"07/07/2025","23,399.2","23,102.0","23,500.0","23,000.0","0.12K","-1.05%"
"07/04/2025","23,647.0","23,650.0","23,650.0","23,100.0","0.02K","0.20%"
"07/03/2025","23,600.0","23,500.0","23,700.0","23,402.5","0.03K","0.84%"
"07/02/2025","23,402.5","23,500.0","23,600.0","23,305.0","0.02K","0.05%"
"07/01/2025","23,390.0","23,599.9","23,599.9","23,225.0","0.02K","-0.95%"
"06/30/2025","23,613.3","23,500.0","23,645.0","23,145.0","0.06K","0.48%"
"06/27/2025","23,500.0","23,500.0","23,500.0","23,500.0","0.00K","0.44%"
"06/26/2025","23,396.8","23,450.0","23,689.3","23,210.0","0.03K","-0.26%"
"06/25/2025","23,457.5","23,970.0","23,971.6","22,900.0","0.06K","-0.69%"
"06/24/2025","23,621.4","23,200.0","23,995.0","23,101.0","0.05K","3.15%"
"06/23/2025","22,900.0","23,200.0","23,200.0","21,501.0","0.05K","-1.06%"
"06/20/2025","23,145.7","23,005.0","23,274.0","22,800.0","0.03K","0.07%"
"06/19/2025","23,129.6","22,810.0","23,287.0","22,810.0","0.05K","0.61%"
"06/18/2025","22,989.0","23,279.0","23,279.0","22,800.0","0.05K","-0.91%"
"06/17/2025","23,200.0","23,250.0","23,250.0","22,900.0","0.03K","-0.11%"
"06/16/2025","23,225.0","23,100.0","23,298.0","23,100.0","0.04K","0.10%"
"06/13/2025","23,201.3","23,100.0","23,300.0","23,100.0","0.01K","-0.47%"
"06/12/2025","23,310.3","23,125.0","23,400.0","23,125.0","0.05K","0.88%"
"06/11/2025","23,105.9","23,100.0","23,497.0","23,100.0","0.14K","0.24%"
"06/10/2025","23,050.0","23,115.1","23,188.0","23,000.0","0.33K","-0.27%"
"06/05/2025","23,112.3","23,010.0","23,665.0","23,010.0","0.20K","-1.02%"
"06/04/2025","23,350.0","23,364.8","23,449.0","23,201.0","0.07K","-0.06%"
"06/03/2025","23,364.8","23,101.5","23,490.0","23,086.0","0.08K","0.71%"
"06/02/2025","23,199.6","23,700.0","23,700.0","23,025.0","0.06K","-0.17%"
"05/30/2025","23,238.1","22,825.0","23,500.0","22,825.0","0.03K","0.60%"
"05/29/2025","23,099.2","22,750.5","23,100.0","22,750.5","0.04K","0.43%"
"05/27/2025","23,000.0","23,000.0","23,100.0","23,000.0","0.07K","-0.43%"
"05/26/2025","23,100.0","23,100.0","23,200.0","23,000.0","0.04K","0.00%"
"05/23/2025","23,100.0","22,850.0","23,100.0","22,800.0","0.07K","0.89%"
"05/22/2025","22,896.0","23,000.0","23,000.0","22,780.8","0.02K","-0.02%"
"05/21/2025","22,900.0","22,800.0","22,900.0","22,800.0","0.07K","0.47%"
"05/20/2025","22,793.5","22,964.0","22,964.0","22,737.0","0.02K","0.24%"
"05/19/2025","22,737.8","23,400.0","23,400.0","22,725.5","0.08K","0.05%"
"05/16/2025","22,725.5","23,100.0","23,100.0","22,501.0","0.06K","-0.68%"
"05/15/2025","22,881.8","22,920.0","22,990.0","22,510.0","0.10K","0.91%"
"05/14/2025","22,676.2","23,199.0","23,199.0","22,500.0","0.09K","-1.03%"
"05/13/2025","22,912.5","23,000.0","23,200.0","22,850.0","0.05K","0.15%"
"05/12/2025","22,877.3","22,700.0","23,300.0","22,700.0","0.05K","4.12%"
"05/09/2025","21,972.9","22,100.0","22,895.0","20,898.0","0.16K","-0.49%"
"05/08/2025","22,080.8","22,997.0","22,997.0","21,701.0","0.15K","-2.00%"
"05/07/2025","22,531.3","22,890.0","22,900.0","22,400.0","0.14K","-1.25%"
"05/06/2025","22,815.7","23,000.0","23,100.0","22,550.0","0.37K","-0.80%"
"05/05/2025","23,000.0","23,050.0","23,100.0","22,800.0","0.31K","-0.04%"
"05/02/2025","23,008.1","23,500.0","24,000.0","21,200.0","0.48K","-1.97%"
"04/30/2025","23,469.8","23,100.0","23,980.0","22,710.0","0.04K","1.60%"
"04/29/2025","23,100.0","23,001.0","23,161.0","23,000.0","0.13K","-0.26%"
"04/28/2025","23,161.0","22,902.0","24,000.0","22,902.0","0.03K","1.14%"
"04/25/2025","22,901.0","22,600.0","23,000.0","22,600.0","0.02K","-2.10%"
"04/24/2025","23,392.7","22,300.3","24,100.0","22,300.3","0.03K","1.96%"
"04/23/2025","22,942.7","22,750.5","23,050.0","22,750.5","0.02K","-0.56%"
"04/22/2025","23,071.4","23,105.0","23,123.0","22,500.0","0.11K","-0.12%"
"04/21/2025","23,099.0","23,025.0","23,100.0","22,956.0","0.04K","0.43%"
"04/18/2025","23,000.0","23,025.0","23,025.0","22,560.1","0.02K","0.39%"
"04/17/2025","22,911.3","23,199.9","23,199.9","22,901.0","0.02K","-0.25%"
"04/16/2025","22,968.0","22,990.0","22,990.0","22,900.0","0.04K","-1.40%"
"04/15/2025","23,294.6","22,831.0","23,424.0","22,831.0","0.24K","0.80%"
"04/14/2025","23,110.0","23,100.0","23,252.0","22,100.2","0.08K","-0.04%"
"04/11/2025","23,120.2","23,000.0","23,299.0","23,000.0","0.03K","0.52%"
"04/10/2025","23,000.0","23,000.0","23,240.0","22,950.0","0.18K","0.44%"
"04/09/2025","22,900.0","22,913.5","22,951.0","22,705.0","0.07K","-0.06%"
"04/08/2025","22,913.5","23,200.0","23,280.0","22,840.0","0.19K","0.32%"
"04/07/2025","22,840.0","22,901.0","23,100.0","22,800.0","0.15K","-0.41%"
"04/04/2025","22,934.0","22,950.0","23,190.0","22,900.0","0.12K","0.06%"
"04/03/2025","22,920.1","23,001.1","23,300.0","22,901.0","0.34K","-0.35%"
"03/27/2025","23,001.1","23,200.0","23,330.0","23,000.0","0.33K","0.00%"
"03/26/2025","23,000.0","23,600.0","23,600.0","23,000.0","0.37K","-2.33%"
"03/25/2025","23,549.0","23,650.0","23,650.0","23,400.0","0.09K","0.10%"
"03/24/2025","23,525.5","23,525.0","23,650.0","23,400.0","0.19K","-0.17%"
"03/21/2025","23,565.6","23,400.0","23,599.0","23,400.0","0.03K","0.71%"
"03/20/2025","23,400.0","23,400.0","23,595.8","23,285.0","0.06K","0.00%"
"03/19/2025","23,400.0","23,400.0","23,400.0","23,100.0","0.06K","-0.35%"
"03/18/2025","23,482.5","23,697.0","23,697.0","23,300.0","0.03K","0.96%"
"03/17/2025","23,260.0","23,016.0","23,700.0","23,016.0","0.08K","-0.65%"
"03/14/2025","23,413.0","23,499.9","23,499.9","23,300.0","0.01K","0.84%"
"03/13/2025","23,217.2","23,200.3","23,500.0","23,200.1","0.03K","-0.52%"
"03/12/2025","23,339.6","23,280.0","23,498.0","23,280.0","0.01K","0.23%"
"03/11/2025","23,286.0","23,698.9","23,698.9","23,200.0","0.02K","-1.74%"
"03/10/2025","23,698.9","24,499.0","24,499.0","23,035.5","0.10K","1.62%"
"03/07/2025","23,320.2","24,893.0","24,893.0","22,800.5","0.06K","0.65%"
"03/06/2025","23,169.0","23,500.0","23,500.0","22,800.1","0.01K","0.73%"
"03/05/2025","23,001.5","23,000.0","23,440.0","22,800.0","0.04K","-0.28%"
"03/04/2025","23,066.3","23,000.0","23,198.0","22,990.0","0.02K","0.27%"
"03/03/2025","23,005.0","23,400.0","23,400.0","22,800.0","0.01K","-0.11%"
"02/28/2025","23,030.5","23,000.0","23,100.0","23,000.0","0.02K","-1.58%"
"02/27/2025","23,400.0","23,001.1","23,498.9","23,001.1","0.01K","0.32%"
"02/26/2025","23,325.0","23,499.0","23,499.0","22,800.0","0.01K","1.41%"
"02/25/2025","23,001.5","23,550.0","23,550.0","23,000.0","0.03K","0.00%"
"02/24/2025","23,002.5","22,802.0","23,790.0","22,802.0","0.03K","0.45%"
"02/21/2025","22,900.0","22,301.0","23,493.0","22,301.0","0.04K","-0.93%"
"02/20/2025","23,115.0","23,346.0","23,500.0","23,000.0","0.04K","-1.17%"
"02/19/2025","23,387.5","23,346.0","23,500.0","23,346.0","0.03K","0.18%"
"02/18/2025","23,345.6","23,500.0","23,500.0","23,345.0","0.03K","0.00%"
"02/17/2025","23,344.6","23,338.0","23,450.0","23,015.2","0.06K","0.03%"
"02/14/2025","23,338.4","23,260.0","24,000.0","23,260.0","0.04K","-0.61%"
"02/13/2025","23,482.5","23,220.0","23,799.0","22,500.0","0.10K","-1.85%"
"02/12/2025","23,924.0","24,350.0","24,350.0","22,300.0","0.12K","2.17%"
"02/11/2025","23,415.4","22,700.1","23,500.0","22,000.0","0.10K","0.79%"
"02/10/2025","23,232.3","24,400.0","24,400.0","22,655.1","0.05K","3.51%"
"02/07/2025","22,444.8","22,316.0","22,500.0","22,315.5","0.02K","0.58%"
"02/06/2025","22,315.5","22,500.0","22,600.0","22,305.0","0.04K","-0.37%"
"02/04/2025","22,399.2","22,450.0","22,450.0","22,300.0","0.07K","0.07%"
"02/03/2025","22,383.3","22,300.0","22,500.0","22,300.0","0.06K","0.35%"
"01/31/2025","22,305.5","22,499.0","22,500.0","22,305.0","0.07K","-0.36%"
"01/30/2025","22,387.0","22,150.0","22,400.0","22,150.0","0.02K","1.30%"
"01/29/2025","22,100.5","22,490.0","22,490.0","21,800.1","0.02K","0.45%"
"01/28/2025","22,002.0","21,750.0","22,500.0","21,750.0","0.03K","0.03%"
"01/27/2025","21,995.4","22,000.0","22,000.0","21,700.0","0.03K","1.83%"
"01/24/2025","21,600.0","21,800.0","22,000.0","21,000.0","0.03K","-0.41%"
"01/23/2025","21,690.0","21,501.0","21,993.7","20,204.0","0.04K","-0.96%"
"01/22/2025","21,900.0","21,989.9","22,000.0","21,800.0","0.01K","1.62%"
"01/21/2025","21,550.0","21,900.0","22,090.0","21,500.0","0.08K","-1.37%"
"01/20/2025","21,849.5","21,501.0","22,100.0","21,501.0","0.03K","-0.68%"
"01/17/2025","21,998.0","22,000.0","22,000.0","21,500.0","0.05K","1.84%"
"01/16/2025","21,600.0","21,465.1","22,000.0","21,465.1","0.03K","0.63%"
"01/15/2025","21,465.0","21,021.1","21,500.0","21,020.1","0.09K","0.07%"
"01/14/2025","21,450.0","21,499.0","22,000.0","21,400.0","0.06K","0.23%"
"01/13/2025","21,400.0","21,700.0","22,399.0","21,101.0","0.07K","2.39%"
"01/10/2025","20,900.0","21,298.0","21,800.0","20,900.0","0.02K","0.43%"
"01/09/2025","20,811.0","21,199.9","21,200.0","20,808.1","0.05K","-0.90%"
"01/08/2025","21,000.0","21,000.0","21,294.9","21,000.0","0.04K","-1.36%"
"01/07/2025","21,290.0","21,499.0","21,499.0","20,725.1","0.03K","1.38%"
"01/06/2025","21,000.0","20,993.0","21,330.4","20,800.0","0.07K","-0.94%"
"01/03/2025","21,200.0","21,420.0","21,420.0","20,850.0","0.07K","-0.19%"
"01/02/2025","21,240.0","21,000.0","21,699.0","21,000.0","0.02K","0.09%"
"01/01/2025","21,220.0","21,305.1","21,800.0","20,805.0","0.08K","-0.14%"
"12/31/2024","21,250.1","21,400.0","21,400.0","21,200.0","0.02K","-1.16%"
"12/30/2024","21,500.0","21,589.0","22,000.0","20,600.0","0.12K","3.71%"
"12/27/2024","20,730.0","20,601.0","21,289.0","20,600.0","0.11K","-0.12%"
"12/26/2024","20,755.0","20,600.0","21,400.0","20,600.0","0.10K","-1.17%"
"12/24/2024","21,000.0","21,100.0","21,100.0","21,000.0","0.03K","-0.47%"
"12/23/2024","21,100.0","21,399.0","21,399.0","20,500.1","0.03K","-1.40%"
"12/20/2024","21,400.0","20,786.0","21,400.0","20,776.0","0.02K","4.38%"
"12/19/2024","20,502.0","21,000.0","21,499.0","20,501.0","0.05K","-1.90%"
"12/18/2024","20,900.0","21,400.0","21,487.0","20,800.0","0.05K","-0.48%"
"12/17/2024","21,000.0","20,480.0","22,000.0","20,480.0","0.20K","0.53%"
"12/16/2024","20,890.0","21,400.0","21,599.0","20,502.1","0.08K","-0.41%"
"12/13/2024","20,975.0","20,999.0","21,100.2","20,600.1","0.14K","1.08%"
"12/12/2024","20,750.2","20,600.0","20,975.0","20,600.0","0.03K","-0.24%"
"12/11/2024","20,800.0","20,944.0","20,944.0","20,357.0","0.06K","2.31%"
"12/10/2024","20,330.6","20,300.1","21,000.0","20,300.1","0.09K","-1.75%"
"12/09/2024","20,693.0","20,305.0","20,695.0","20,300.0","0.08K","-0.75%"
"12/06/2024","20,850.0","20,750.0","20,999.9","19,012.0","0.20K","0.72%"
"12/05/2024","20,700.0","20,189.0","20,900.0","20,189.0","0.06K","2.48%"
"12/04/2024","20,200.0","19,865.1","20,400.0","19,865.1","0.08K","1.69%"
"12/03/2024","19,865.1","20,400.0","20,400.0","19,810.0","0.06K","0.33%"
"12/02/2024","19,800.0","19,200.0","21,444.0","19,200.0","0.24K","1.28%"
"11/29/2024","19,550.0","19,005.6","19,900.0","17,600.0","0.05K","0.28%"
"11/28/2024","19,495.0","19,500.0","19,500.0","19,101.6","0.05K","0.75%"
"11/27/2024","19,350.0","19,019.3","20,921.3","19,019.3","0.10K","1.31%"
"11/26/2024","19,100.0","19,489.0","19,489.0","18,825.0","0.29K","-1.03%"
"11/25/2024","19,299.0","19,220.0","19,300.0","19,120.0","0.08K","1.57%"
"11/22/2024","19,001.0","19,399.0","19,500.0","18,983.0","0.13K","-0.52%"
"11/21/2024","19,100.0","19,499.9","19,499.9","18,800.0","0.05K","-0.01%"
"11/20/2024","19,101.0","19,250.0","19,250.0","19,000.2","0.04K","0.01%"
"11/19/2024","19,100.0","18,910.0","19,144.0","18,910.0","0.05K","-0.26%"
"11/18/2024","19,150.0","19,500.0","19,500.0","18,615.0","0.04K","-0.10%"
"11/15/2024","19,170.0","19,000.0","19,210.0","19,000.0","0.04K","1.40%"
"11/14/2024","18,905.5","19,499.0","19,499.0","18,860.0","0.12K","0.03%"
"11/13/2024","18,899.0","18,775.0","19,060.0","18,771.0","0.05K","-0.95%"
"11/12/2024","19,079.9","18,755.0","19,198.0","18,755.0","0.04K","-0.07%"
"11/11/2024","19,094.0","19,200.0","19,200.0","18,745.0","0.04K","-0.03%"
"11/08/2024","19,100.0","18,705.0","19,495.0","18,705.0","0.02K","1.43%"
"11/07/2024","18,831.0","19,200.0","19,200.0","18,755.0","0.07K","-0.37%"
"11/06/2024","18,900.0","18,736.4","19,206.0","18,701.0","0.10K","1.61%"
"11/05/2024","18,601.0","19,200.0","19,500.0","17,299.7","0.24K","-3.12%"
"11/04/2024","19,200.0","19,999.0","19,999.0","18,500.0","0.15K","0.00%"
"11/01/2024","19,200.0","19,000.0","19,299.0","18,210.0","0.19K","0.00%"
"10/31/2024","19,200.0","19,750.0","19,750.0","19,000.0","0.12K","1.19%"
"10/30/2024","18,975.0","19,750.0","19,799.0","18,705.0","0.04K","-1.07%"
"10/29/2024","19,180.0","19,500.0","19,500.0","18,561.0","0.05K","0.42%"
"10/28/2024","19,100.0","18,800.0","19,800.0","18,800.0","0.26K","2.14%"
"10/25/2024","18,700.0","18,600.0","18,840.0","17,500.0","0.22K","1.63%"
"10/24/2024","18,400.0","18,500.0","18,730.0","18,371.0","0.03K","0.82%"
"10/23/2024","18,250.0","18,390.0","18,800.0","18,011.0","0.18K","0.28%"
"10/22/2024","18,199.0","17,600.0","19,000.0","17,600.0","0.14K","2.54%"
"10/21/2024","17,749.0","17,750.0","17,750.0","17,600.0","0.18K","1.39%"
"10/18/2024","17,506.0","17,500.0","17,700.0","17,431.0","0.05K","-0.70%"
"10/17/2024","17,630.0","17,630.0","17,630.0","17,630.0","0.02K","-0.02%"
"10/16/2024","17,633.0","17,624.0","17,650.0","17,362.1","0.08K","0.90%"
"10/15/2024","17,476.3","17,500.0","17,701.0","17,255.0","0.08K","0.73%"
"10/14/2024","17,350.0","17,502.0","17,688.9","17,200.0","0.06K","-1.48%"
"10/11/2024","17,610.0","17,700.5","17,800.0","17,550.0","0.05K","-0.51%"
"10/10/2024","17,700.0","17,970.0","17,995.0","17,602.0","0.18K","0.57%"
"10/09/2024","17,600.0","17,500.0","17,700.0","17,400.0","0.13K","-0.56%"
"10/08/2024","17,700.0","17,400.0","17,700.0","17,400.0","0.19K","1.84%"
"10/07/2024","17,380.0","17,600.0","17,600.0","17,200.0","0.29K","-0.19%"
"10/04/2024","17,413.0","17,590.0","17,590.0","17,400.0","0.11K","-0.50%"
"10/03/2024","17,500.0","17,484.0","17,501.0","17,401.1","0.15K","1.16%"
"10/02/2024","17,299.0","17,290.0","17,300.0","17,222.0","0.05K","0.17%"
"10/01/2024","17,270.0","17,300.0","17,300.0","17,000.0","0.04K","1.59%"
"09/30/2024","17,000.0","17,005.0","17,300.0","17,000.0","0.09K","-1.16%"
"09/27/2024","17,200.0","17,300.0","17,300.0","17,200.0","0.01K","0.06%"
"09/26/2024","17,190.0","17,405.0","17,405.0","17,052.0","0.23K","-0.92%"
"09/25/2024","17,350.0","17,400.0","17,424.0","17,200.0","0.20K","-0.28%"
"09/24/2024","17,399.0","17,251.0","17,817.0","17,250.0","0.13K","0.43%"
"09/23/2024","17,325.0","17,355.1","17,500.0","17,200.0","0.10K","-1.73%"
"09/20/2024","17,630.0","17,700.0","17,700.0","16,700.0","0.03K","0.74%"
"09/19/2024","17,500.0","17,888.0","17,888.0","17,416.0","0.04K","0.06%"
"09/18/2024","17,490.0","17,400.1","17,500.0","17,357.0","0.02K","-0.34%"
"09/16/2024","17,550.0","17,400.0","17,568.0","17,301.0","0.04K","0.06%"
"09/13/2024","17,540.0","17,500.0","17,546.0","17,358.0","0.02K","0.57%"
"09/12/2024","17,440.0","17,690.0","17,690.0","17,440.0","0.03K","0.28%"
"09/11/2024","17,392.0","17,400.0","17,472.5","17,305.0","0.02K","0.13%"
"09/10/2024","17,369.0","17,300.0","17,465.0","17,251.0","0.04K","0.40%"
"09/09/2024","17,300.0","17,601.0","17,601.0","17,208.0","0.05K","0.00%"
"09/06/2024","17,300.0","17,325.0","17,599.9","17,300.0","0.18K","-1.14%"
"09/05/2024","17,500.0","17,500.0","17,595.0","17,302.1","0.03K","-0.28%"
"09/04/2024","17,550.0","16,909.0","17,620.0","16,909.0","0.02K","0.75%"
"09/03/2024","17,420.0","17,600.0","17,600.0","17,411.0","0.03K","-1.02%"
"09/02/2024","17,599.0","17,500.0","17,600.0","17,400.0","0.05K","0.57%"
"08/30/2024","17,498.9","17,305.0","17,798.8","17,300.0","0.04K","-0.47%"
"08/29/2024","17,581.0","17,380.5","17,899.0","17,380.5","0.03K","1.39%"
"08/28/2024","17,340.0","17,600.0","17,600.0","17,300.5","0.02K","-0.91%"
"08/27/2024","17,500.0","17,261.0","17,690.2","17,261.0","0.01K","0.00%"
"08/26/2024","17,500.0","16,499.0","17,606.1","16,499.0","0.06K","0.00%"
"08/23/2024","17,500.0","17,785.0","17,785.0","17,255.0","0.06K","-1.69%"
"08/22/2024","17,800.0","17,820.0","17,950.0","17,711.0","0.05K","0.00%"
"08/21/2024","17,800.0","17,800.0","18,000.0","17,600.0","0.19K","1.14%"
"08/20/2024","17,600.0","17,800.0","17,800.0","17,500.0","0.39K","0.01%"
"08/19/2024","17,599.0","17,989.0","17,989.0","17,499.0","0.22K","-1.68%"
"08/16/2024","17,900.0","17,650.0","17,999.0","16,701.0","0.17K","1.70%"
"08/15/2024","17,601.0","17,620.0","17,995.0","17,500.0","0.03K","-0.11%"
"08/13/2024","17,620.0","17,550.0","17,940.0","17,550.0","0.01K","-1.80%"
"08/12/2024","17,943.0","17,500.0","17,945.0","17,500.0","0.01K","0.86%"
"08/09/2024","17,790.0","17,800.0","18,100.0","17,700.0","0.01K","-0.05%"
"08/08/2024","17,799.1","17,799.1","17,799.1","17,799.1","0.00K","-0.01%"
"08/07/2024","17,800.0","17,800.0","17,800.0","17,602.0","0.04K","0.56%"
"08/06/2024","17,700.0","17,500.0","17,700.0","17,500.0","0.01K","-0.84%"
"08/05/2024","17,850.0","17,500.0","18,000.0","17,500.0","0.02K","-0.83%"
"08/02/2024","18,000.0","18,100.0","18,200.0","17,100.0","0.04K","0.00%"
"08/01/2024","18,000.0","17,990.0","18,000.0","17,990.0","0.13K","0.00%"
"07/31/2024","18,000.0","18,065.0","18,065.0","18,000.0","0.43K","-1.64%"
"07/30/2024","18,300.0","18,450.0","18,450.0","18,151.7","0.03K","0.05%"
"07/29/2024","18,290.0","18,004.0","18,300.0","18,004.0","0.03K","0.77%"
"07/26/2024","18,150.0","18,150.0","18,250.0","18,000.0","0.06K","-0.14%"
"07/25/2024","18,175.0","19,499.8","19,499.8","18,175.0","0.02K","-0.62%"
"07/24/2024","18,289.0","18,300.0","18,375.0","18,200.0","0.01K","0.49%"
"07/23/2024","18,200.0","17,500.0","18,599.8","17,500.0","0.02K","0.55%"
"07/22/2024","18,100.0","18,100.0","18,400.0","18,100.0","0.08K","-0.88%"
"07/19/2024","18,260.0","18,250.0","18,300.0","18,025.1","0.12K","0.33%"
"07/18/2024","18,200.0","18,200.0","18,300.0","18,050.0","0.03K","-0.26%"
"07/15/2024","18,247.6","19,920.5","19,920.5","18,100.0","0.42K","-1.22%"
"07/12/2024","18,473.2","18,170.0","18,800.0","18,010.0","0.05K","1.78%"
"07/11/2024","18,150.0","18,200.0","18,249.0","18,103.0","0.05K","-0.44%"
"07/10/2024","18,230.0","18,300.0","18,300.0","18,100.0","0.05K","-0.33%"
"07/09/2024","18,290.0","18,324.9","18,324.9","18,150.0","0.02K","0.49%"
"07/08/2024","18,200.0","18,248.0","18,248.0","18,050.0","0.07K","0.55%"
"07/05/2024","18,100.0","18,350.0","18,350.0","18,016.0","0.07K","-1.34%"
"07/04/2024","18,345.0","18,199.0","18,349.0","18,199.0","0.10K","0.80%"
"07/03/2024","18,200.0","18,250.0","18,250.0","18,020.0","0.04K","-0.52%"
"07/02/2024","18,295.0","18,300.0","18,390.0","18,001.0","0.09K","-0.11%"
"07/01/2024","18,316.0","18,510.0","18,515.0","18,001.3","0.02K","-0.99%"
"06/28/2024","18,500.0","18,500.0","18,500.0","18,200.0","0.01K","0.54%"
"06/27/2024","18,400.0","18,101.0","18,400.0","18,101.0","0.02K","0.82%"
"06/26/2024","18,250.0","18,400.0","18,400.0","18,250.0","0.02K","-0.27%"
"06/25/2024","18,300.0","18,300.0","18,300.0","18,150.0","0.05K","-0.54%"
"06/24/2024","18,400.0","17,601.0","18,400.0","17,601.0","0.09K","1.10%"
"06/21/2024","18,200.0","18,182.0","18,399.9","18,000.0","0.11K","0.28%"
"06/20/2024","18,150.0","17,960.8","18,799.0","17,755.0","0.31K","-0.22%"
"06/14/2024","18,190.0","18,000.0","18,500.0","18,000.0","0.12K","-0.05%"
"06/13/2024","18,200.0","18,020.0","18,300.0","18,020.0","0.30K","0.83%"
"06/12/2024","18,050.0","18,005.0","18,050.0","18,005.0","0.01K","0.00%"
"06/11/2024","18,050.0","18,199.0","18,200.0","18,050.0","0.01K","-0.82%"
"06/10/2024","18,200.0","18,200.0","18,200.0","18,000.2","0.04K","0.00%"
"06/07/2024","18,200.0","18,250.0","18,898.0","18,200.0","0.20K","-0.82%"
"06/06/2024","18,350.0","18,500.0","18,500.0","18,350.0","0.01K","0.00%"
"06/05/2024","18,350.0","18,090.0","18,500.0","18,090.0","0.02K","-0.81%"
"06/04/2024","18,500.0","18,880.0","18,880.0","18,450.1","0.03K","0.00%"
"06/03/2024","18,500.0","18,499.0","18,500.0","18,401.0","0.05K","0.00%"
"05/31/2024","18,500.0","18,500.0","18,600.0","18,490.0","0.28K","0.00%"
"05/30/2024","18,500.0","18,500.0","18,500.0","18,400.1","0.09K","0.14%"
"05/29/2024","18,475.0","18,500.0","18,500.0","18,301.5","0.06K","-0.14%"
"05/27/2024","18,500.0","18,500.0","18,799.0","18,488.0","0.20K","0.00%"
"05/24/2024","18,500.0","18,449.0","18,500.0","18,449.0","0.10K","0.00%"
"05/23/2024","18,500.0","18,550.0","18,590.0","18,500.0","0.05K","0.43%"
"05/22/2024","18,420.0","18,550.0","18,642.0","18,400.0","0.08K","-0.89%"
"05/21/2024","18,585.0","19,000.0","19,280.0","18,000.0","0.31K","-2.18%"
"05/20/2024","19,000.0","19,100.0","19,100.0","18,961.0","0.09K","-0.08%"
"05/17/2024","19,015.0","18,995.0","19,020.0","18,899.0","0.02K","0.21%"
"05/16/2024","18,975.0","18,800.0","18,975.0","18,800.0","0.01K","-0.13%"
"05/15/2024","19,000.0","19,100.0","19,100.0","18,901.0","0.02K","0.05%"
"05/14/2024","18,990.0","19,100.0","19,300.0","18,990.0","0.05K","-0.05%"
"05/13/2024","19,000.0","19,544.9","19,544.9","19,000.0","0.03K","-0.47%"
"05/10/2024","19,090.0","19,480.0","19,480.0","18,900.0","0.04K","-0.52%"
"05/09/2024","19,190.0","18,995.0","19,190.0","18,950.0","0.04K","1.03%"
"05/08/2024","18,995.0","19,548.0","19,650.0","18,560.0","0.18K","-2.82%"
"05/07/2024","19,546.0","19,550.0","19,550.0","19,546.0","0.01K","0.75%"
"05/06/2024","19,400.0","18,720.0","19,694.9","18,720.0","0.06K","0.00%"
"05/03/2024","19,400.0","19,225.0","19,400.0","19,001.0","0.05K","0.52%"
"05/02/2024","19,299.0","20,699.0","20,699.0","19,000.0","0.14K","-3.51%"
"04/30/2024","20,000.0","20,750.0","20,750.0","20,000.0","0.05K","2.27%"
"04/29/2024","19,556.0","20,020.0","20,155.0","19,500.0","0.05K","-2.22%"
"04/26/2024","20,000.0","20,400.0","21,500.0","20,000.0","0.09K","-1.26%"
"04/25/2024","20,255.0","20,600.0","20,600.0","20,255.0","0.02K","-1.67%"
"04/24/2024","20,599.9","20,700.0","20,700.0","20,255.0","0.12K","0.49%"
"04/23/2024","20,499.0","20,550.0","20,550.0","20,002.0","0.20K","0.00%"
"04/22/2024","20,500.0","20,790.0","20,790.0","20,500.0","0.02K","-1.91%"
"04/19/2024","20,900.0","20,000.0","20,900.0","20,000.0","0.06K","0.97%"
"04/18/2024","20,700.0","20,700.0","20,700.0","20,700.0","0.04K","0.00%"
"04/17/2024","20,699.0","20,699.0","20,699.0","20,699.0","0.02K","0.00%"
"04/16/2024","20,699.0","21,500.0","21,500.0","20,600.0","0.12K","-0.49%"
"04/15/2024","20,800.0","20,600.0","20,800.0","20,600.0","0.12K","0.00%"
"04/08/2024","20,800.0","20,100.0","20,800.0","20,000.0","0.06K","-0.95%"
"04/04/2024","21,000.0","21,000.0","21,000.0","21,000.0","0.02K","0.00%"
"03/28/2024","21,000.0","20,599.0","21,000.0","20,500.0","0.08K","-2.78%"
"03/27/2024","21,600.0","21,600.0","21,600.0","21,600.0","0.02K","-0.46%"
"03/19/2024","21,700.0","21,700.0","21,700.0","21,700.0","0.02K","0.93%"
"03/18/2024","21,500.0","21,500.0","21,500.0","21,500.0","0.04K","0.00%"
"03/15/2024","21,500.0","21,500.0","21,500.0","21,500.0","0.04K","0.47%"
"03/13/2024","21,400.0","20,800.0","21,400.0","20,800.0","0.04K","0.94%"
"03/11/2024","21,200.0","21,900.0","21,900.0","20,898.0","0.10K","-3.20%"
"03/07/2024","21,900.0","21,900.0","21,900.0","21,900.0","0.02K","1.86%"
"03/06/2024","21,500.0","22,000.0","22,000.0","21,001.0","0.10K","1.90%"
"03/05/2024","21,100.0","21,100.0","21,100.0","21,100.0","0.02K","-3.21%"
"02/28/2024","21,800.0","21,800.0","21,800.0","21,800.0","0.06K","0.00%"
"02/27/2024","21,800.0","21,800.0","21,800.0","21,800.0","","3.32%"
"02/26/2024","21,100.0","21,190.0","21,190.0","21,100.0","0.04K","-3.21%"
"02/23/2024","21,800.0","21,800.0","21,800.0","21,798.5","0.08K","0.00%"
"02/20/2024","21,800.0","21,800.0","21,800.0","21,800.0","0.02K","-2.20%"
"02/19/2024","22,290.0","22,290.0","22,290.0","22,290.0","0.02K","-0.04%"
"02/09/2024","22,300.0","22,300.0","22,300.0","22,300.0","0.04K","0.00%"
"02/07/2024","22,300.0","22,300.0","22,300.0","22,300.0","","-0.33%"
"01/31/2024","22,373.0","22,350.0","22,373.0","22,350.0","0.06K","7.50%"
"01/30/2024","20,812.5","20,812.5","20,812.5","20,812.5","0.04K","-7.50%"
"01/29/2024","22,500.0","22,200.0","22,500.0","22,200.0","0.04K","4.65%"
"01/26/2024","21,500.0","21,899.0","21,899.0","21,500.0","0.04K","-1.83%"
"01/25/2024","21,900.0","21,100.0","21,900.0","21,100.0","0.04K","0.00%"
"01/18/2024","21,900.0","21,900.0","21,900.0","21,900.0","0.02K","-1.78%"
"01/15/2024","22,297.0","22,300.0","22,350.0","22,297.0","0.12K","-0.46%"
"01/12/2024","22,399.0","22,399.0","22,399.0","22,399.0","0.02K","1.35%"
"01/08/2024","22,100.0","22,100.0","22,100.0","22,100.0","0.02K","0.00%"
"01/05/2024","22,100.0","22,100.0","22,100.0","22,100.0","0.04K","-0.67%"
"01/04/2024","22,250.0","22,250.0","22,250.0","22,250.0","0.06K","0.23%"
"01/02/2024","22,200.0","22,100.0","22,200.0","22,100.0","0.06K","0.00%"
"01/01/2024","22,200.0","22,000.0","22,200.0","22,000.0","0.04K","1.37%"
"12/29/2023","21,900.0","21,990.0","21,990.0","21,900.0","0.06K","-0.45%"
"12/28/2023","21,999.0","21,580.0","21,999.0","21,580.0","0.08K","4.76%"
"12/26/2023","21,000.0","21,001.0","21,100.0","20,714.3","0.14K","-1.66%"
"12/21/2023","21,355.0","21,799.0","21,799.0","21,355.0","0.04K","-2.04%"
"12/20/2023","21,799.0","21,799.0","21,799.0","21,799.0","0.02K","1.16%"
"12/19/2023","21,550.0","22,100.0","22,100.0","21,550.0","0.10K","-2.49%"
"12/18/2023","22,100.0","22,100.0","22,100.0","22,100.0","","-0.79%"
"12/14/2023","22,275.0","22,275.0","22,275.0","22,275.0","0.02K","0.79%"
"12/12/2023","22,100.0","22,000.0","22,100.0","22,000.0","0.06K","2.31%"
"12/11/2023","21,600.0","21,550.0","21,799.0","21,150.0","0.12K","-0.46%"
"12/08/2023","21,700.0","21,500.0","22,100.0","21,500.0","0.18K","-2.25%"
"12/07/2023","22,200.0","21,500.0","22,200.0","21,500.0","0.12K","0.00%"
"12/06/2023","22,200.0","22,000.0","22,200.0","22,000.0","0.10K","0.00%"
"12/04/2023","22,200.0","22,200.0","22,200.0","22,200.0","0.10K","3.26%"
"12/01/2023","21,500.0","21,750.0","21,750.0","21,500.0","0.12K","-4.44%"
"11/30/2023","22,500.0","22,500.0","22,500.0","22,500.0","0.02K","1.81%"
"11/29/2023","22,100.0","22,100.0","22,100.0","21,500.0","0.12K","-1.34%"
"11/28/2023","22,400.0","22,100.0","22,400.0","22,100.0","0.04K","-0.44%"
"11/27/2023","22,500.0","22,500.0","22,500.0","22,500.0","0.02K","0.00%"
"11/24/2023","22,500.0","22,500.0","22,500.0","22,500.0","0.02K","0.00%"
"11/23/2023","22,500.0","22,500.0","22,500.0","22,500.0","","-2.17%"
"11/21/2023","23,000.0","23,000.0","23,000.0","23,000.0","0.04K","2.22%"
"11/20/2023","22,500.2","22,500.0","22,500.2","22,500.0","0.06K","-2.17%"
"11/17/2023","23,000.0","23,000.0","23,000.0","23,000.0","0.06K","4.55%"
"11/13/2023","22,000.0","22,100.0","22,100.0","22,000.0","0.04K","-5.98%"
"11/08/2023","23,400.0","22,999.0","23,400.0","22,999.0","0.20K","1.74%"
"11/07/2023","23,000.0","23,000.0","23,000.0","23,000.0","","2.68%"
"11/03/2023","22,400.0","22,400.0","22,400.0","22,400.0","0.02K","0.00%"
"11/02/2023","22,400.0","22,400.0","22,400.0","22,400.0","","-1.54%"
"11/01/2023","22,750.0","22,550.0","22,750.0","22,550.0","0.04K","2.25%"
"10/30/2023","22,250.0","22,250.0","22,250.0","21,600.0","0.08K","1.60%"
"10/27/2023","21,900.0","21,900.0","21,900.0","21,900.0","0.02K","4.29%"
"10/25/2023","21,000.0","21,900.0","21,900.0","21,000.0","0.04K","-4.55%"
"10/23/2023","22,000.0","22,000.0","22,000.0","22,000.0","0.02K","0.00%"
"10/19/2023","22,000.0","20,255.0","22,000.0","20,125.0","0.12K","3.53%"
"10/10/2023","21,250.0","20,850.0","21,250.0","20,850.0","0.10K","2.66%"
"10/06/2023","20,700.0","20,650.0","20,700.0","20,650.0","0.18K","0.49%"
"10/05/2023","20,600.0","20,400.0","20,600.0","20,400.0","0.12K","0.49%"
"10/04/2023","20,500.0","20,425.0","20,500.0","20,425.0","0.10K","0.10%"
"10/03/2023","20,480.0","20,500.0","20,500.0","20,250.0","0.12K","-0.34%"
"09/28/2023","20,550.0","20,550.0","20,550.0","20,550.0","0.08K","0.00%"
"09/27/2023","20,550.0","20,550.0","20,550.0","20,550.0","0.02K","2.24%"
"09/21/2023","20,100.0","20,355.0","20,355.0","20,100.0","0.06K","-5.43%"
"09/15/2023","21,255.0","21,255.0","21,255.0","21,255.0","0.06K","0.00%"
"09/12/2023","21,255.0","21,255.0","21,255.0","21,255.0","0.02K","0.00%"
"09/11/2023","21,255.0","21,255.0","21,255.0","21,255.0","","-7.18%"
"08/25/2023","22,900.0","22,999.0","22,999.0","22,500.0","0.16K","-4.58%"
"08/24/2023","24,000.0","23,800.0","24,000.0","23,800.0","0.14K","0.00%"
"08/23/2023","24,000.0","24,000.0","24,000.0","24,000.0","0.02K","0.00%"
"08/22/2023","24,000.0","24,000.0","24,000.0","24,000.0","0.08K","0.00%"
"08/11/2023","24,000.0","24,000.0","24,000.0","24,000.0","0.14K","0.00%"
"08/10/2023","24,000.0","24,000.0","24,000.0","24,000.0","0.06K","0.00%"
"08/08/2023","24,000.0","24,000.0","24,000.0","24,000.0","0.04K","0.00%"
"08/07/2023","24,000.0","23,333.0","24,000.0","23,333.0","0.04K","-5.13%"
"08/04/2023","25,299.0","24,888.0","25,500.0","24,000.0","0.12K","7.38%"
"08/03/2023","23,560.0","23,500.0","23,560.0","23,500.0","0.01K","-3.05%"
"07/31/2023","24,300.0","23,499.0","23,850.0","23,499.0","0.08K","7.52%"
"07/27/2023","22,600.0","22,600.0","22,600.0","22,600.0","0.01K","-2.16%"
"07/26/2023","23,100.0","22,501.0","23,100.0","23,100.0","0.00K","1.32%"
"07/25/2023","22,800.0","22,501.0","22,800.0","22,500.0","0.08K","-0.87%"
"07/21/2023","23,000.0","23,000.0","23,000.0","22,850.0","0.02K","0.03%"
"07/20/2023","22,994.0","23,000.0","23,000.0","22,994.0","0.01K","2.42%"
"07/19/2023","22,450.0","22,555.0","22,555.0","22,400.0","0.10K","-3.23%"
"07/18/2023","23,200.0","23,050.0","23,200.0","23,000.0","0.01K","3.11%"
"07/17/2023","22,500.0","22,500.0","22,500.0","22,500.0","0.02K","2.27%"
"07/14/2023","22,000.0","22,000.0","22,000.0","22,000.0","0.02K","-6.38%"
"07/13/2023","23,500.0","23,500.0","23,500.0","23,500.0","0.01K","2.62%"
"07/12/2023","22,901.0","22,901.0","22,901.0","22,901.0","0.02K","-1.50%"
"07/11/2023","23,250.0","24,000.0","24,000.0","23,250.0","0.00K","-2.92%"
"07/10/2023","23,950.0","23,950.0","23,950.0","23,950.0","0.00K","1.91%"
"07/07/2023","23,500.0","24,000.0","24,000.0","23,500.0","0.01K","2.17%"
"07/06/2023","23,000.0","23,500.0","23,500.0","23,000.0","0.01K","-2.13%"
"07/05/2023","23,500.0","24,000.0","24,000.0","23,500.0","0.00K","-2.08%"
"07/03/2023","24,000.0","24,000.0","24,000.0","24,000.0","0.00K","4.35%"
"06/27/2023","23,000.0","25,208.6","25,208.6","23,000.0","0.01K","-1.92%"
"06/22/2023","23,449.9","23,449.9","23,449.9","23,449.9","0.02K","6.60%"
"06/21/2023","21,999.0","21,003.0","21,999.0","21,003.0","0.04K","-4.35%"
"06/19/2023","23,000.0","23,000.0","23,000.0","22,800.0","0.00K","4.55%"
"06/16/2023","22,000.0","23,399.0","23,399.0","22,000.0","0.14K","-2.65%"
"06/14/2023","22,600.0","23,200.0","23,200.0","22,500.0","0.16K","2.21%"
"06/13/2023","22,111.0","22,111.0","22,111.0","22,111.0","0.02K","-3.87%"
"06/12/2023","23,000.0","23,399.0","23,399.0","23,000.0","0.04K","3.61%"
"06/09/2023","22,198.0","22,000.0","22,900.0","21,800.0","0.12K","-4.31%"
"06/08/2023","23,199.0","23,199.0","23,199.0","23,199.0","0.02K","0.87%"
"06/07/2023","22,999.0","23,000.0","23,000.0","22,999.0","0.01K","0.00%"
"06/06/2023","23,000.0","22,800.0","23,000.0","22,800.0","0.04K","4.55%"
"06/05/2023","22,000.0","22,300.0","22,300.0","22,000.0","0.01K","-0.23%"
"06/02/2023","22,050.0","22,050.0","22,050.0","22,050.0","0.02K","-2.00%"
"05/31/2023","22,499.0","22,100.0","22,499.0","21,655.0","0.08K","-3.85%"
"05/23/2023","23,400.0","21,800.0","23,435.0","21,800.0","0.20K","4.00%"
"05/22/2023","22,500.0","22,500.0","22,500.0","22,500.0","0.00K","2.27%"
"05/19/2023","22,000.0","21,499.0","22,000.0","21,499.0","0.06K","7.03%"
"05/17/2023","20,555.0","20,500.0","20,555.0","20,500.0","0.00K","-1.18%"
"05/16/2023","20,800.0","20,999.0","22,500.0","20,800.0","0.08K","-0.95%"
"05/15/2023","21,000.0","21,000.0","21,000.0","21,000.0","0.01K","0.00%"
"05/09/2023","21,000.0","21,000.0","21,000.0","21,000.0","0.02K","0.00%"
"05/08/2023","20,999.6","20,999.6","20,999.6","20,999.6","0.02K","-5.15%"
"05/03/2023","22,140.0","22,100.0","22,140.0","22,100.0","0.12K","6.96%"
"05/02/2023","20,700.0","20,747.0","20,747.0","18,500.1","0.36K","7.53%"
"04/28/2023","19,250.0","18,500.0","19,350.0","18,500.0","0.12K","6.94%"
"04/27/2023","18,000.0","17,700.0","18,000.0","17,700.0","0.46K","0.00%"
"04/20/2023","18,000.0","18,000.0","18,000.0","18,000.0","0.02K","0.00%"
"04/19/2023","18,000.0","18,000.0","18,000.0","18,000.0","0.02K","0.56%"
"04/18/2023","17,900.0","17,500.1","18,305.0","17,500.1","0.10K","-2.19%"
"04/12/2023","18,300.0","18,500.0","18,500.0","18,300.0","0.10K","1.67%"
"04/11/2023","18,000.0","18,200.0","18,800.0","18,000.0","0.10K","0.00%"
"04/06/2023","18,000.0","18,400.0","18,500.0","18,000.0","0.18K","0.00%"
"04/03/2023","18,000.0","17,992.0","18,000.0","17,992.0","0.04K","1.41%"
"03/31/2023","17,750.0","17,750.0","17,900.0","17,900.0","0.02K","-0.84%"
"03/30/2023","17,900.0","17,900.0","17,900.0","17,900.0","0.02K","-0.56%"
"03/29/2023","18,000.0","18,002.0","18,050.0","18,000.0","0.24K","-2.70%"
"03/28/2023","18,500.0","18,005.0","18,500.0","18,000.0","0.30K","3.21%"
"03/22/2023","17,925.0","17,902.0","17,925.0","17,902.0","0.04K","-1.81%"
"03/20/2023","18,256.0","18,256.0","18,256.0","18,256.0","0.04K","-4.94%"
"03/17/2023","19,205.0","19,205.0","18,200.0","18,200.0","0.02K","5.52%"
"03/16/2023","18,200.0","16,850.0","19,570.0","16,850.0","0.18K","-0.05%"
"03/10/2023","18,210.0","19,000.1","19,000.1","18,210.0","0.04K","-6.88%"
"03/08/2023","19,555.0","20,000.0","20,000.0","19,500.1","0.06K","-6.04%"
"03/03/2023","20,811.6","20,812.0","21,998.0","20,811.6","0.06K","-7.50%"
"03/02/2023","22,499.0","21,274.0","22,499.0","21,274.0","0.06K","-2.17%"
"03/01/2023","22,998.0","22,998.0","22,998.0","22,998.0","0.04K","2.21%"
"02/28/2023","22,500.0","22,500.0","22,500.0","22,500.0","0.02K","7.40%"
"02/27/2023","20,950.0","20,965.0","20,965.0","20,950.0","0.04K","7.13%"
"02/24/2023","19,555.0","19,500.0","19,555.0","19,500.0","0.04K","7.39%"
"02/21/2023","18,210.0","18,555.0","18,555.0","18,210.0","0.16K","0.00%"
"02/17/2023","18,210.0","20,870.0","20,870.0","18,201.0","0.08K","-6.26%"
"02/15/2023","19,426.0","20,000.0","20,000.0","19,426.0","0.06K","-7.50%"
"02/14/2023","21,000.0","21,500.0","21,500.0","21,000.0","0.12K","-6.67%"
"02/07/2023","22,500.0","22,500.0","22,500.0","22,500.0","0.04K","-6.25%"
"02/01/2023","24,000.0","23,500.0","24,000.0","23,500.0","0.08K","0.00%"
"01/09/2023","24,000.0","24,000.0","24,000.0","24,000.0","0.02K","0.00%"
"01/06/2023","24,000.0","24,000.0","24,000.0","24,000.0","0.02K","0.00%"
"01/02/2023","24,000.0","24,000.0","24,000.0","24,000.0","0.02K","-4.00%"
"12/16/2022","25,000.0","24,500.0","25,000.0","24,500.0","0.04K","4.17%"
"12/15/2022","24,000.0","24,000.0","24,000.0","24,000.0","0.02K","-4.00%"
"12/13/2022","25,000.0","25,000.0","25,000.0","25,000.0","0.02K","0.00%"
"12/12/2022","25,000.0","25,000.0","25,000.0","25,000.0","0.20K","-2.91%"
"11/30/2022","25,750.0","25,750.0","25,750.0","25,750.0","0.04K","0.00%"
"11/21/2022","25,750.0","25,750.0","25,750.0","25,750.0","0.10K","-0.96%"
"11/02/2022","26,000.0","26,000.0","26,000.0","26,000.0","0.02K","0.00%"
"10/18/2022","26,000.0","26,000.0","26,000.0","26,000.0","0.02K","0.00%"
"10/17/2022","26,000.0","26,000.0","26,000.0","26,000.0","0.02K","0.00%"
"10/10/2022","25,999.0","25,100.0","25,999.0","25,100.0","0.06K","1.96%"
"10/06/2022","25,500.0","25,500.0","25,500.0","25,500.0","0.02K","0.00%"
"10/05/2022","25,500.0","25,500.0","25,500.0","25,500.0","0.04K","2.00%"
"10/04/2022","25,000.0","25,000.0","25,000.0","25,000.0","0.02K","0.00%"
"09/30/2022","25,000.0","25,000.0","25,000.0","25,000.0","0.02K","0.00%"
"09/28/2022","25,000.0","25,000.0","25,000.0","25,000.0","0.08K","0.00%"
"09/26/2022","25,000.0","25,000.0","25,000.0","25,000.0","0.08K","0.00%"
"09/22/2022","25,000.0","25,000.0","25,000.0","25,000.0","0.04K","0.00%"
"09/21/2022","25,000.0","25,000.0","25,000.0","25,000.0","0.02K","0.00%"
"09/16/2022","25,000.0","25,000.0","25,000.0","25,000.0","0.02K","0.00%"
"09/12/2022","25,000.0","25,000.0","25,000.0","25,000.0","0.02K","-1.96%"
"09/09/2022","25,500.0","25,000.0","25,500.0","25,000.0","0.06K","2.00%"
"09/05/2022","25,000.0","25,000.0","25,000.0","25,000.0","0.14K","0.00%"
"08/31/2022","25,000.0","25,000.0","25,000.0","25,000.0","0.02K","0.00%"
"08/22/2022","25,000.0","25,000.0","25,000.0","25,000.0","0.02K","0.00%"
"08/17/2022","25,000.0","25,000.0","25,000.0","25,000.0","0.10K","0.00%"
"08/15/2022","25,000.0","25,000.0","25,000.0","25,000.0","0.02K","0.00%"
"08/11/2022","25,000.0","25,500.0","25,500.0","25,000.0","0.08K","0.00%"
"08/05/2022","25,000.0","25,000.0","25,000.0","25,000.0","0.00K","2.04%"
"07/25/2022","24,500.0","24,500.0","24,500.0","24,500.0","0.02K","1.03%"
"07/21/2022","24,250.0","24,250.0","24,250.0","24,250.0","0.02K","0.21%"
"07/06/2022","24,200.0","23,000.0","24,299.0","23,000.0","0.06K","0.83%"
"07/05/2022","24,000.0","24,000.0","24,000.0","24,000.0","0.02K","-6.43%"
"06/22/2022","25,650.0","25,650.0","25,650.0","25,650.0","0.02K","-3.20%"
"06/21/2022","26,499.0","25,650.0","25,650.0","25,650.0","0.04K","2.71%"
"06/17/2022","25,800.0","25,800.0","25,800.0","25,800.0","0.02K","7.50%"
"06/15/2022","24,000.0","25,400.0","25,490.0","24,000.0","0.08K","-2.83%"
"06/14/2022","24,700.0","24,500.0","24,700.0","24,500.0","0.04K","7.39%"
"06/13/2022","23,000.0","23,000.0","23,000.0","23,000.0","0.02K","-7.26%"
"06/09/2022","24,800.0","24,800.0","24,800.0","24,800.0","0.02K","-0.40%"
"06/03/2022","24,900.0","24,900.0","24,900.0","24,900.0","0.02K","-0.40%"
"06/02/2022","24,999.0","25,000.0","25,000.0","25,000.0","0.02K","0.00%"
"05/31/2022","25,000.0","25,000.0","25,000.0","25,000.0","0.02K","0.00%"
"05/10/2022","25,000.0","25,000.0","25,213.0","25,000.0","0.02K","-1.96%"
"04/19/2022","25,500.0","25,500.0","25,500.0","25,500.0","0.04K","0.00%"
"04/07/2022","25,500.0","24,999.0","25,999.0","24,999.0","0.12K","4.08%"
"04/06/2022","24,500.0","24,499.0","24,500.0","23,755.0","0.04K","2.08%"
"04/01/2022","24,000.0","24,000.0","24,000.0","24,000.0","0.02K","0.00%"
"03/31/2022","24,000.0","23,900.0","24,000.0","23,900.0","0.04K","0.00%"
"03/30/2022","24,000.0","24,000.0","24,000.0","24,000.0","0.02K","0.00%"
"03/29/2022","24,000.0","24,000.0","24,000.0","24,000.0","0.02K","0.00%"
"03/24/2022","24,000.0","22,500.0","24,499.0","22,500.0","0.18K","2.35%"
"03/22/2022","23,449.5","21,511.0","23,499.0","21,511.0","0.08K","0.86%"
"03/21/2022","23,249.5","23,299.0","23,299.0","23,200.0","0.04K","6.28%"
"03/18/2022","21,875.0","21,000.0","23,000.0","21,000.0","0.08K","1.74%"
"03/17/2022","21,500.0","21,500.0","21,500.0","21,500.0","0.02K","-1.37%"
"03/16/2022","21,799.0","21,500.0","21,799.0","21,500.0","0.04K","-0.46%"
"03/15/2022","21,899.0","21,000.0","21,899.0","21,000.0","0.06K","2.33%"
"03/08/2022","21,400.0","21,400.0","21,400.0","21,400.0","0.02K","0.00%"
"03/03/2022","21,400.0","21,400.0","21,400.0","21,400.0","0.02K","0.00%"
"03/01/2022","21,400.0","21,350.0","21,400.0","21,350.0","0.06K","0.00%"
"02/28/2022","21,400.0","21,250.0","21,500.0","21,250.0","0.08K","-0.47%"
"02/18/2022","21,500.0","21,500.0","21,500.0","21,500.0","0.02K","2.38%"
"02/15/2022","21,000.0","20,900.0","21,000.0","20,900.0","0.04K","0.00%"
"02/10/2022","21,000.0","21,000.0","21,000.0","21,000.0","0.02K","0.00%"
"02/07/2022","21,000.0","21,000.0","21,000.0","21,000.0","0.06K","-6.29%"
"01/26/2022","22,409.0","22,410.0","22,410.0","22,409.0","0.04K","6.71%"
"01/19/2022","20,999.0","20,999.0","20,999.0","20,999.0","0.02K","0.48%"
"01/18/2022","20,899.0","20,899.0","20,899.0","20,899.0","0.02K","2.00%"
"01/14/2022","20,490.0","20,499.0","20,499.0","20,490.0","0.04K","0.82%"
"01/13/2022","20,324.0","19,555.0","20,349.0","19,555.0","0.06K","0.87%"
"01/12/2022","20,149.0","20,149.0","20,149.0","20,149.0","0.02K","3.33%"
"01/10/2022","19,500.0","19,500.0","19,500.0","19,500.0","0.02K","0.78%"
"01/06/2022","19,350.0","19,350.0","19,350.0","19,350.0","0.02K","-0.77%"
"01/04/2022","19,500.0","19,500.0","19,500.0","19,500.0","0.02K","2.63%"
"12/30/2021","19,000.0","18,100.0","19,399.0","18,100.0","0.08K","0.00%"
"12/28/2021","19,000.0","19,000.0","19,000.0","19,000.0","0.02K","0.00%"
"12/24/2021","19,000.0","19,000.0","19,000.0","19,000.0","0.02K","0.00%"
"12/16/2021","19,000.0","19,000.0","19,000.0","19,000.0","0.02K","-4.76%"
"12/07/2021","19,950.0","19,950.0","19,950.0","19,950.0","0.04K","2.31%"
"12/03/2021","19,500.0","19,500.0","19,500.0","19,500.0","0.02K","-4.41%"
"12/02/2021","20,400.0","20,400.0","20,400.0","20,400.0","0.02K","7.37%"
"11/25/2021","19,000.0","19,000.0","19,000.0","19,000.0","0.02K","-2.56%"
"11/24/2021","19,500.0","19,500.0","19,500.0","19,500.0","0.02K","0.00%"
"11/23/2021","19,500.0","19,500.0","19,500.0","19,500.0","0.02K","-2.50%"
"11/19/2021","19,999.0","20,499.0","20,499.0","19,990.0","0.08K","-0.01%"
"11/18/2021","20,000.0","20,000.0","20,000.0","20,000.0","0.02K","5.82%"
"11/16/2021","18,900.0","18,750.0","19,000.0","18,750.0","0.18K","-0.26%"
"11/15/2021","18,949.5","18,020.0","18,999.0","18,020.0","0.06K","-2.72%"
"11/12/2021","19,479.0","17,031.0","19,700.0","17,031.0","0.06K","5.87%"
"11/11/2021","18,399.0","18,399.0","19,813.0","18,399.0","0.02K","-8.01%"
"11/04/2021","20,000.0","20,000.0","20,000.0","20,000.0","0.02K","-2.44%"
"11/02/2021","20,500.0","20,100.0","20,500.0","20,100.0","0.04K","-2.38%"
"10/22/2021","21,000.0","21,000.0","21,000.0","21,000.0","0.02K","0.00%"
"10/14/2021","21,000.0","21,000.0","21,000.0","21,000.0","0.04K","2.94%"
"10/08/2021","20,400.0","20,400.0","20,400.0","20,400.0","0.02K","6.25%"
"10/07/2021","19,200.0","19,200.0","19,200.0","19,200.0","0.02K","1.05%"
"09/30/2021","19,000.0","19,000.0","19,000.0","19,000.0","0.02K","0.00%"
"09/28/2021","19,000.0","19,000.0","19,000.0","19,000.0","0.04K","-5.78%"
"09/27/2021","20,165.0","20,165.0","20,165.0","20,165.0","0.02K","-7.50%"
"09/10/2021","21,800.0","21,800.0","21,800.0","21,800.0","0.02K","7.39%"
"09/07/2021","20,300.0","20,300.0","21,945.0","20,300.0","0.04K","-8.13%"
"09/03/2021","22,096.0","20,096.0","22,096.0","20,096.0","0.06K","1.72%"
"09/02/2021","21,723.4","21,722.9","21,723.8","21,722.9","0.04K","7.50%"
"09/01/2021","20,208.2","20,255.0","20,262.7","20,100.0","0.20K","7.21%"
"08/31/2021","18,849.0","16,999.0","18,849.0","16,999.0","0.06K","4.72%"
"08/26/2021","18,000.0","18,000.0","18,000.0","18,000.0","0.02K","2.51%"
"08/23/2021","17,560.0","17,300.0","17,560.0","17,300.0","0.06K","1.50%"
"08/20/2021","17,300.0","17,300.0","17,300.0","17,300.0","0.10K","1.76%"
"08/13/2021","17,000.0","17,000.0","17,000.0","17,000.0","0.02K","0.00%"
"08/11/2021","17,000.0","16,990.0","17,000.0","16,990.0","0.10K","0.00%"
"08/05/2021","16,999.5","16,999.0","17,000.0","16,999.0","0.04K","0.59%"
"08/04/2021","16,900.0","16,900.0","16,900.0","16,900.0","0.02K","0.00%"
"08/03/2021","16,900.0","16,849.0","16,900.0","16,849.0","0.06K","3.05%"
"07/27/2021","16,399.5","16,749.0","16,749.0","16,300.0","0.10K","0.00%"
"07/26/2021","16,400.0","16,400.0","16,400.0","16,400.0","0.02K","2.50%"
"07/19/2021","16,000.0","16,000.0","16,000.0","16,000.0","0.02K","0.00%"
"07/16/2021","16,000.0","16,000.0","16,000.0","16,000.0","0.02K","-2.97%"
"07/15/2021","16,489.0","16,000.0","16,489.0","16,000.0","0.06K","0.86%"
"07/14/2021","16,349.0","16,349.0","16,349.0","16,349.0","0.02K","-0.73%"
"07/13/2021","16,470.0","16,470.0","16,470.0","16,470.0","0.02K","1.74%"
"07/09/2021","16,189.0","15,700.0","16,199.0","15,700.0","0.06K","4.08%"
"07/07/2021","15,555.0","15,655.0","16,400.0","15,501.0","0.36K","-1.55%"
"07/05/2021","15,800.0","16,000.0","16,000.0","15,800.0","0.04K","-1.25%"
"07/02/2021","16,000.0","16,500.0","16,500.0","16,000.0","0.12K","-5.83%"
"07/01/2021","16,990.0","16,950.0","16,990.0","16,950.0","0.04K","3.76%"
"06/30/2021","16,373.8","15,755.0","16,995.0","15,755.0","0.12K","-0.76%"
"06/29/2021","16,500.0","16,500.0","16,500.0","16,500.0","0.04K","0.00%"
"06/28/2021","16,500.0","16,500.0","16,500.0","16,500.0","0.02K","0.00%"
"06/22/2021","16,500.0","16,888.0","16,888.0","16,500.0","0.04K","5.03%"
"06/21/2021","15,710.0","15,710.0","15,710.0","15,710.0","0.02K","-5.08%"
"06/16/2021","16,550.0","16,800.0","16,800.0","16,550.0","1.08K","-1.49%"
"06/15/2021","16,800.0","16,800.0","16,800.0","16,800.0","0.04K","0.00%"
"06/11/2021","16,800.0","16,800.0","16,800.0","16,800.0","0.02K","1.82%"
"06/09/2021","16,500.0","16,500.0","16,500.0","16,500.0","0.12K","0.00%"
"06/08/2021","16,500.0","16,500.0","16,500.0","16,500.0","0.04K","-4.06%"
"06/07/2021","17,199.0","16,500.0","17,199.0","16,500.0","0.16K","5.52%"
"06/03/2021","16,300.0","16,500.0","16,500.0","16,300.0","0.06K","-1.21%"
"06/02/2021","16,499.0","16,499.0","16,499.0","16,499.0","0.02K","4.09%"
"06/01/2021","15,850.0","15,525.0","15,850.0","15,501.0","0.12K","2.26%"
"05/31/2021","15,500.0","15,402.0","15,500.0","15,401.0","0.12K","-3.06%"
"05/28/2021","15,990.0","15,990.0","15,990.0","15,990.0","0.02K","2.39%"
"05/27/2021","15,616.0","15,655.0","15,655.0","15,616.0","0.06K","-5.92%"
"05/26/2021","16,599.0","15,500.0","16,599.0","15,500.0","0.08K","5.92%"
"05/24/2021","15,672.0","15,300.0","15,900.0","15,300.0","0.60K","-1.31%"
"05/18/2021","15,879.9","15,875.0","15,879.9","14,772.0","0.20K","5.87%"
"05/03/2021","15,000.0","14,800.0","15,000.0","14,800.0","0.06K","7.14%"
"04/29/2021","14,000.0","14,000.0","14,000.0","14,000.0","0.06K","0.00%"
"04/23/2021","14,000.0","13,800.0","14,000.0","13,800.0","0.04K","0.00%"
"04/13/2021","14,000.0","13,900.0","14,000.0","13,900.0","0.12K","0.00%"
"04/07/2021","14,000.0","14,000.0","14,000.0","14,000.0","0.08K","1.82%"
"04/06/2021","13,750.0","13,750.0","13,750.0","13,310.1","0.02K","1.69%"
"04/01/2021","13,521.0","13,521.0","13,521.0","13,521.0","0.02K","-0.26%"
"03/30/2021","13,556.0","13,556.0","13,556.0","13,556.0","0.02K","-3.17%"
"03/24/2021","14,000.0","13,610.0","14,000.0","13,610.0","0.06K","-3.45%"
"03/22/2021","14,500.0","14,500.0","14,500.0","14,500.0","0.06K","2.11%"
"03/19/2021","14,200.0","14,200.0","14,200.0","14,200.0","0.02K","2.31%"
"03/18/2021","13,880.0","13,880.0","13,880.0","13,880.0","0.10K","-0.86%"
"03/09/2021","14,000.0","14,000.0","14,000.0","14,000.0","0.10K","-3.44%"
"03/03/2021","14,499.0","14,499.0","14,499.0","14,499.0","0.02K","3.56%"
"03/02/2021","14,000.0","14,100.0","14,100.0","14,000.0","0.06K","0.00%"
"03/01/2021","14,000.0","13,800.0","14,000.0","13,800.0","0.06K","3.32%"
"02/17/2021","13,550.0","13,550.0","13,550.0","13,550.0","0.02K","0.00%"
"02/16/2021","13,550.0","13,555.0","13,555.0","13,550.0","0.04K","-3.21%"
"02/09/2021","14,000.0","14,000.0","14,000.0","14,000.0","0.02K","0.00%"
"02/08/2021","14,000.0","14,000.0","14,000.0","14,000.0","0.02K","0.00%"
"02/04/2021","14,000.0","13,851.0","14,000.0","13,851.0","0.06K","-3.45%"
"02/01/2021","14,500.0","14,500.0","14,500.0","14,500.0","0.02K","1.40%"
"01/29/2021","14,300.0","14,300.0","14,300.0","14,300.0","0.02K","-1.38%"
"01/01/2021","14,500.0","14,500.0","14,500.0","14,500.0","0.04K","3.57%"
"12/31/2020","14,000.0","14,000.0","14,000.0","14,000.0","0.02K","3.70%"
"12/30/2020","13,500.0","13,100.0","13,500.0","13,100.0","0.04K","-0.33%"
"12/24/2020","13,545.0","13,025.0","13,545.0","13,025.0","0.10K","7.50%"
"12/21/2020","12,600.0","12,600.0","12,600.0","12,600.0","0.02K","-7.35%"
"12/11/2020","13,600.0","13,600.0","13,600.0","13,600.0","0.02K","-6.21%"
"12/09/2020","14,500.0","14,500.0","14,500.0","14,500.0","0.12K","7.42%"
"11/19/2020","13,498.0","12,850.0","13,499.0","12,850.0","0.08K","5.87%"
"11/16/2020","12,749.0","12,850.0","12,850.0","12,749.0","0.04K","1.99%"
"11/10/2020","12,500.0","12,840.0","12,850.0","12,500.0","0.06K","-3.65%"
"11/06/2020","12,974.0","12,974.0","12,974.0","12,974.0","0.02K","-0.20%"
"11/04/2020","13,000.0","13,000.0","13,000.0","13,000.0","0.02K","0.00%"
"11/03/2020","13,000.0","13,000.0","13,000.0","13,000.0","0.04K","0.00%"
"11/02/2020","13,000.0","12,500.0","13,000.0","12,500.0","0.06K","0.78%"
"10/29/2020","12,900.0","13,001.0","13,001.0","12,860.0","0.06K","-7.19%"
"10/27/2020","13,900.0","13,900.0","13,900.0","13,900.0","0.02K","0.72%"
"10/26/2020","13,800.0","13,800.0","14,500.0","14,500.0","0.02K","0.00%"
"10/20/2020","13,800.0","13,800.0","13,800.0","13,800.0","0.04K","-6.44%"
"10/09/2020","14,749.5","14,499.0","15,000.0","14,499.0","0.04K","-1.67%"
"09/25/2020","15,000.0","15,000.0","15,000.0","15,000.0","0.02K","7.45%"
"09/23/2020","13,960.0","13,950.0","13,980.0","13,950.0","0.10K","-0.14%"
"09/17/2020","13,980.0","13,980.0","13,980.0","13,980.0","0.02K","3.56%"
"09/15/2020","13,500.0","13,500.0","13,500.0","13,500.0","0.02K","0.75%"
"09/14/2020","13,400.0","13,400.0","13,400.0","13,400.0","0.02K","-0.74%"
"09/11/2020","13,500.0","13,500.0","13,500.0","13,500.0","0.02K","4.65%"
"09/10/2020","12,900.0","12,500.0","12,900.0","12,500.0","0.08K","3.20%"
"09/09/2020","12,500.0","12,500.0","12,500.0","12,500.0","0.04K","-2.79%"
"09/08/2020","12,859.0","12,859.0","12,859.0","12,859.0","0.02K","-1.08%"
"09/07/2020","13,000.0","13,000.0","13,000.0","13,000.0","0.02K","4.00%"
"09/04/2020","12,500.0","12,500.0","12,500.0","12,500.0","0.06K","3.02%"
"09/03/2020","12,133.0","10,600.0","12,133.5","10,600.0","0.24K","7.50%"
"09/01/2020","11,287.0","11,000.0","11,287.5","11,000.0","0.34K","7.50%"
"08/27/2020","10,500.0","10,300.0","10,500.0","10,300.0","0.10K","2.95%"
"08/26/2020","10,199.0","10,000.0","10,199.0","9,900.0","0.22K","7.36%"
"08/25/2020","9,500.0","9,500.0","9,500.0","9,500.0","0.04K","0.00%"
"08/21/2020","9,500.0","9,500.0","9,500.0","9,500.0","0.02K","-2.06%"
"08/20/2020","9,700.0","9,890.0","9,890.0","9,700.0","0.04K","1.04%"
"08/19/2020","9,600.0","9,600.0","9,600.0","9,600.0","0.02K","-1.03%"
"08/18/2020","9,700.0","9,999.0","9,999.0","9,700.0","0.04K","-1.02%"
"08/17/2020","9,800.0","9,800.0","9,800.0","9,800.0","0.02K","2.19%"
"08/11/2020","9,590.0","9,590.0","9,590.0","9,590.0","0.04K","6.56%"
"08/10/2020","9,000.0","9,000.0","9,000.0","8,660.0","0.12K","3.99%"
"08/07/2020","8,655.0","8,655.0","8,655.0","8,655.0","0.02K","-6.23%"
"08/03/2020","9,230.0","9,230.0","9,549.0","9,549.0","0.04K","0.00%"
"07/24/2020","9,230.0","9,230.0","9,230.0","9,230.0","0.02K","-3.35%"
"07/22/2020","9,550.0","9,550.0","9,550.0","9,550.0","0.02K","-0.26%"
"07/16/2020","9,575.0","9,570.0","9,575.0","9,570.0","0.04K","1.86%"
"07/15/2020","9,400.0","9,500.0","9,500.0","9,400.0","0.04K","-1.05%"
"07/09/2020","9,500.0","9,500.0","9,500.0","9,500.0","0.02K","-0.94%"
"07/08/2020","9,590.0","9,250.0","9,600.0","9,250.0","0.08K","0.95%"
"07/07/2020","9,500.0","9,211.0","9,500.0","9,211.0","0.04K","-1.96%"
"07/06/2020","9,690.0","9,600.0","9,690.0","9,600.0","0.04K","0.00%"
"06/24/2020","9,690.0","8,700.0","9,690.0","8,700.0","0.10K","3.09%"
"06/18/2020","9,400.0","9,400.0","9,400.0","9,400.0","0.02K","0.00%"
"06/16/2020","9,400.0","9,400.0","9,400.0","9,400.0","0.04K","-0.19%"
"06/11/2020","9,418.0","9,418.0","9,418.0","9,418.0","0.02K","1.16%"
"06/10/2020","9,310.0","9,310.0","9,310.0","9,310.0","0.02K","0.08%"
"06/09/2020","9,303.0","9,300.0","9,305.0","9,300.0","0.06K","-6.02%"
"06/08/2020","9,899.0","9,899.0","9,500.0","9,500.0","0.06K","0.00%"
"06/02/2020","9,899.0","9,899.0","9,899.0","9,899.0","0.02K","1.94%"
"06/01/2020","9,711.0","9,711.0","9,711.0","9,711.0","0.04K","0.00%"
"05/29/2020","9,711.0","9,711.0","9,711.0","9,711.0","0.02K","-0.73%"
"05/21/2020","9,782.0","9,780.0","9,782.0","9,780.0","0.14K","7.49%"
"05/19/2020","9,100.0","9,100.0","9,100.0","9,100.0","0.02K","-5.20%"
"05/15/2020","9,599.0","9,599.0","9,599.0","9,599.0","0.02K","5.48%"
"05/14/2020","9,100.0","9,011.0","9,300.0","9,011.0","0.06K","0.99%"
"05/13/2020","9,011.0","9,011.0","9,011.0","9,011.0","0.02K","-6.14%"
"05/12/2020","9,600.0","10,500.0","10,500.0","9,111.2","0.12K","-2.54%"
"05/11/2020","9,850.0","9,800.0","9,900.0","9,800.0","0.08K","-6.19%"
"05/08/2020","10,500.0","9,355.0","10,868.0","9,355.0","0.22K","3.86%"
"05/07/2020","10,110.0","11,697.0","11,697.0","10,078.0","0.28K","-7.21%"
"05/06/2020","10,895.0","11,098.0","11,098.0","10,000.0","0.14K","3.01%"
"05/05/2020","10,577.0","9,555.0","10,577.0","9,500.0","0.12K","7.38%"
"05/04/2020","9,850.0","9,848.0","9,850.0","9,700.0","0.12K","7.07%"
"04/30/2020","9,200.0","9,800.0","9,800.0","9,200.0","0.10K","0.68%"
"04/29/2020","9,137.5","8,999.0","9,137.5","8,999.0","0.36K","7.50%"
"04/28/2020","8,500.0","8,500.0","8,600.0","8,500.0","0.10K","4.08%"
"04/27/2020","8,166.7","7,950.0","8,500.0","7,950.0","0.10K","2.10%"
"04/24/2020","7,999.0","8,000.0","8,000.0","7,999.0","0.04K","5.85%"
"04/23/2020","7,557.2","7,557.2","7,557.2","7,557.2","0.06K","7.50%"
"04/21/2020","7,030.0","7,030.0","7,030.0","7,030.0","0.02K","-7.50%"
"04/20/2020","7,600.0","7,600.0","7,600.0","7,600.0","0.04K","0.00%"
"04/15/2020","7,600.0","7,600.0","7,600.0","7,600.0","0.08K","7.04%"
"04/08/2020","7,100.0","7,100.0","7,100.0","7,100.0","0.16K","0.00%"
"04/07/2020","7,100.0","7,100.0","7,100.0","7,100.0","0.04K","2.16%"
"03/17/2020","6,950.0","6,950.0","6,950.0","6,950.0","0.02K","-2.11%"
"03/16/2020","7,100.0","7,100.0","7,100.0","7,100.0","0.04K","-1.53%"
"03/10/2020","7,210.0","7,210.0","7,210.0","7,210.0","0.02K","-2.57%"
"03/09/2020","7,400.0","7,400.0","7,400.0","7,400.0","0.02K","0.00%"
"03/05/2020","7,400.0","7,400.0","7,400.0","7,400.0","0.02K","0.00%"
"03/04/2020","7,400.0","7,400.0","7,400.0","7,400.0","0.02K","1.23%"
"03/03/2020","7,310.0","7,301.0","7,310.0","7,301.0","0.04K","-1.22%"
"03/02/2020","7,400.0","7,299.0","7,400.0","7,255.0","0.14K","2.78%"
"02/28/2020","7,200.0","7,200.0","7,200.0","7,200.0","0.02K","0.00%"
"02/27/2020","7,200.0","7,200.0","7,200.0","7,200.0","0.04K","-1.37%"
"02/24/2020","7,300.0","7,300.0","7,300.0","7,300.0","0.04K","-2.67%"
"02/21/2020","7,500.0","7,500.0","7,500.0","7,500.0","0.10K","2.04%"
"02/20/2020","7,350.0","7,350.0","7,350.0","7,350.0","0.04K","0.68%"
"02/19/2020","7,300.0","7,300.0","7,300.0","7,300.0","0.06K","-0.68%"
"02/14/2020","7,350.0","7,350.0","7,350.0","7,350.0","0.02K","0.25%"
"02/12/2020","7,332.0","7,332.0","7,332.0","7,332.0","0.04K","-6.00%"
"02/10/2020","7,800.0","7,700.0","7,800.0","7,600.0","0.10K","1.30%"
"02/03/2020","7,700.0","7,700.0","7,700.0","7,700.0","0.02K","-1.13%"
"01/31/2020","7,788.0","7,788.0","7,788.0","7,788.0","0.02K","2.47%"